{
  "phase": 2,
  "method_used": "cidre_poisson_spectral_fallback",
  "n_groups": 179,
  "auc_stacking_only": 0.34311224489795916,
  "ci_stacking": [
    0.11549999999999998,
    0.590348305353812
  ],
  "auc_all_suppressed": 0.11230366492146598,
  "ci_all": [
    0.0527423945640886,
    0.18790184513801314
  ],
  "auc_primary": 0.34311224489795916,
  "ci_primary": [
    0.11549999999999998,
    0.590348305353812
  ]
}